Workbook

Sheet exp
A1: Tk | B1: p | C1: dP | D1: sigP | E1: r | F1: sr | G1: sigm | H1: ssigm
A2: 19 | B2: 191 | C2: =0.2*Static!$M$2*9.81*B2-Static!$L$2 -> 232.32713 | D2: =0.2*Static!$M$2*9.81*SQRT(3)/C2 -> 0.014555049 | E2: =Static!$E$2 -> 0.00050730942 | F2: 0.02 | G2: =(C2*E2)/2 -> 0.05893087 | H2: =SQRT(D2*D2+F2*F2) -> 0.024735591
A3: 19 | B3: 191 | C3: =0.2*Static!$M$2*9.81*B3-Static!$L$2 -> 232.32713 | D3: =0.2*Static!$M$2*9.81*SQRT(3)/C3 -> 0.014555049 | E3: =Static!$E$2 -> 0.00050730942 | F3: 0.02 | G3: =(C3*E3)/2 -> 0.05893087 | H3: =SQRT(D3*D3+F3*F3) -> 0.024735591
A4: 26 | B4: 191 | C4: =0.2*Static!$M$2*9.81*B4-Static!$L$2 -> 232.32713 | D4: =0.2*Static!$M$2*9.81*SQRT(3)/C4 -> 0.014555049 | E4: =Static!$E$2 -> 0.00050730942 | F4: 0.02 | G4: =(C4*E4)/2 -> 0.05893087 | H4: =SQRT(D4*D4+F4*F4) -> 0.024735591
A5: 26 | B5: 190 | C5: =0.2*Static!$M$2*9.81*B5-Static!$L$2 -> 230.3748 | D5: =0.2*Static!$M$2*9.81*SQRT(3)/C5 -> 0.014678397 | E5: =Static!$E$2 -> 0.00050730942 | F5: 0.02 | G5: =(C5*E5)/2 -> 0.058435652 | H5: =SQRT(D5*D5+F5*F5) -> 0.024808372
A6: 26 | B6: 191 | C6: =0.2*Static!$M$2*9.81*B6-Static!$L$2 -> 232.32713 | D6: =0.2*Static!$M$2*9.81*SQRT(3)/C6 -> 0.014555049 | E6: =Static!$E$2 -> 0.00050730942 | F6: 0.02 | G6: =(C6*E6)/2 -> 0.05893087 | H6: =SQRT(D6*D6+F6*F6) -> 0.024735591
A7: 29.5 | B7: 191 | C7: =0.2*Static!$M$2*9.81*B7-Static!$L$2 -> 232.32713 | D7: =0.2*Static!$M$2*9.81*SQRT(3)/C7 -> 0.014555049 | E7: =Static!$E$2 -> 0.00050730942 | F7: 0.02 | G7: =(C7*E7)/2 -> 0.05893087 | H7: =SQRT(D7*D7+F7*F7) -> 0.024735591
A8: 29.5 | B8: 190 | C8: =0.2*Static!$M$2*9.81*B8-Static!$L$2 -> 230.3748 | D8: =0.2*Static!$M$2*9.81*SQRT(3)/C8 -> 0.014678397 | E8: =Static!$E$2 -> 0.00050730942 | F8: 0.02 | G8: =(C8*E8)/2 -> 0.058435652 | H8: =SQRT(D8*D8+F8*F8) -> 0.024808372
A9: 29.5 | B9: 190 | C9: =0.2*Static!$M$2*9.81*B9-Static!$L$2 -> 230.3748 | D9: =0.2*Static!$M$2*9.81*SQRT(3)/C9 -> 0.014678397 | E9: =Static!$E$2 -> 0.00050730942 | F9: 0.02 | G9: =(C9*E9)/2 -> 0.058435652 | H9: =SQRT(D9*D9+F9*F9) -> 0.024808372
A10: 34.5 | B10: 190 | C10: =0.2*Static!$M$2*9.81*B10-Static!$L$2 -> 230.3748 | D10: =0.2*Static!$M$2*9.81*SQRT(3)/C10 -> 0.014678397 | E10: =Static!$E$2 -> 0.00050730942 | F10: 0.02 | G10: =(C10*E10)/2 -> 0.058435652 | H10: =SQRT(D10*D10+F10*F10) -> 0.024808372
A11: 34.5 | B11: 190 | C11: =0.2*Static!$M$2*9.81*B11-Static!$L$2 -> 230.3748 | D11: =0.2*Static!$M$2*9.81*SQRT(3)/C11 -> 0.014678397 | E11: =Static!$E$2 -> 0.00050730942 | F11: 0.02 | G11: =(C11*E11)/2 -> 0.058435652 | H11: =SQRT(D11*D11+F11*F11) -> 0.024808372
A12: 34.5 | B12: 189 | C12: =0.2*Static!$M$2*9.81*B12-Static!$L$2 -> 228.42247 | D12: =0.2*Static!$M$2*9.81*SQRT(3)/C12 -> 0.014803853 | E12: =Static!$E$2 -> 0.00050730942 | F12: 0.02 | G12: =(C12*E12)/2 -> 0.057940435 | H12: =SQRT(D12*D12+F12*F12) -> 0.024882807
A13: 39.4 | B13: 190 | C13: =0.2*Static!$M$2*9.81*B13-Static!$L$2 -> 230.3748 | D13: =0.2*Static!$M$2*9.81*SQRT(3)/C13 -> 0.014678397 | E13: =Static!$E$2 -> 0.00050730942 | F13: 0.02 | G13: =(C13*E13)/2 -> 0.058435652 | H13: =SQRT(D13*D13+F13*F13) -> 0.024808372
... A27: 59 | B27: 185 | C27: =0.2*Static!$M$2*9.81*B27-Static!$L$2 -> 220.61315 | D27: =0.2*Static!$M$2*9.81*SQRT(3)/C27 -> 0.015327883 | E27: =Static!$E$2 -> 0.00050730942 | F27: 0.02 | G27: =(C27*E27)/2 -> 0.055959565 | H27: =SQRT(D27*D27+F27*F27) -> 0.025198095

Sheet exp2
A1: T | B1: sigm | C1: ds/dt | D1: q | E1: U/F
A2: 19 | B2: =AVERAGE(exp!G2:G3) -> 0.05893087 | C2: =(B3-B2)/(A3-A2) -> -2.3581781e-05 | E2: =B2-D2 -> 0.05893087
A3: 26 | B3: =AVERAGE(exp!G4:G6) -> 0.058765797 | C3: =(B4-B3)/(A4-A3) -> -4.7163561e-05 | D3: =-C3*A3 -> 0.0012262526 | E3: =B3-D3 -> 0.057539545
A4: 29.5 | B4: =AVERAGE(exp!G7:G9) -> 0.058600725 | C4: =(B5-B4)/(A5-A4) -> -6.6028986e-05 | D4: =-C4*A4 -> 0.0019478551 | E4: =B4-D4 -> 0.05665287
A5: 34.5 | B5: =AVERAGE(exp!G10:G12) -> 0.05827058 | C5: =(B6-B5)/(A6-A5) -> -3.3688258e-05 | D5: =-C5*A5 -> 0.0011622449 | E5: =B5-D5 -> 0.057108335
A6: 39.4 | B6: =AVERAGE(exp!G13:G15) -> 0.058105507 | C6: =(B7-B6)/(A7-A6) -> -6.6028986e-05 | D6: =-C6*A6 -> 0.002601542 | E6: =B6-D6 -> 0.055503965
A7: 44.4 | B7: =AVERAGE(exp!G16:G18) -> 0.057775362 | C7: =(B8-B7)/(A8-A7) -> -6.7376516e-05 | D7: =-C7*A7 -> 0.0029915173 | E7: =B7-D7 -> 0.054783845
A8: 49.3 | B8: =AVERAGE(exp!G19:G21) -> 0.057445217 | C8: =(B9-B8)/(A9-A8) -> -0.00013205797 | D8: =-C8*A8 -> 0.006510458 | E8: =B8-D8 -> 0.050934759
A9: 54.3 | B9: =AVERAGE(exp!G22:G24) -> 0.056784928 | C9: =(B10-B9)/(A10-A9) -> -0.000175609 | D9: =-C9*A9 -> 0.0095355689 | E9: =B9-D9 -> 0.047249359
A10: 59 | B10: =AVERAGE(exp!G25:G27) -> 0.055959565

Sheet Static
A1: K | B1: dp | C1: sigmS | D1: dPS | E1: r | F1: dp | G1: dP | H1: sigmA | I1: dp2 | J1: dP2 | K1: dh | L1: dP | M1: gm
A2: =0.2 -> 0.2 | B2: 46 | C2: =22.78/1000 -> 0.02278 | D2: =A2*B2*M2*9.81 -> 89.807125 | E2: =2*C2/(D2) -> 0.00050730942 | F2: 120 | G2: =A2*F2*$M$2*9.81 -> 234.27946 | H2: =$E$2*G2/2 -> 0.059426087 | I2: 191 | J2: =I2*A3*M2*9.81 -> 372.8948 | K2: =(2.5-1)/100 -> 0.015 | L2: =-AVERAGE(G2:G3)+J2 -> 140.56767 | M2: =0.8095/0.81351 -> 0.99507074
A3: 0.2 | D3: microscope | E3: =18/20/1000/2 -> 0.00045 | F3: 118 | G3: =A3*F3*$M$2*9.81 -> 230.3748 | H3: =$E$2*G3/2 -> 0.058435652 | K3: =L2/K2/9.81 -> 955.26791
C4: =0.2*M2*9.81 -> 1.9523288 | D4: =2/D2 -> 0.022269948 | E4: =1/20 -> 0.05 | F4: 115 | G4: =A3*F4*$M$2*9.81 -> 224.51781 | H4: =$E$2*G4/2 -> 0.05695 | J4: =AVERAGE(F2:F4) -> 117.66667
