Workbook

Sheet exp
A1: Tk | B1: p | C1: dP | D1: sigm | E1: r | F1: s2 | H1: s3 | L1: s4 | N1: d2 | O1: d1
A2: 19 | B2: 191 | C2: =0.2*Static!$M$2*9.81*B2-Static!$L$2 -> 229.39863 | D2: =(C2*E2)/2 -> 0.058188043 | E2: =Static!$E$2 -> 0.00050730942 | F2: 72.9 | G2: =F2+RANDBETWEEN(-100,100)/5000 -> 72.892 | H2: =$D$2*G2/$G$2 -> 0.058188043 | I2: =H2*2/E2 -> 229.39863 | J2: =ROUND((I2+Static!$L$2)/(0.2*Static!$M$2*9.81),0) -> 191 | K2: =0.2*Static!$M$2*9.81*J2-Static!$L$2 -> 229.39863 | L2: =(K2*M2)/2 -> 0.058188043 | M2: =Static!$E$2 -> 0.00050730942 | N2: =(H2-L2)*1000 -> 0 | O2: =(D2-H2)*1000 -> 0
A3: 19 | B3: 191 | C3: =0.2*Static!$M$2*9.81*B3-Static!$L$2 -> 229.39863 | D3: =(C3*E3)/2 -> 0.058188043 | E3: =Static!$E$2 -> 0.00050730942 | F3: 72.9 | G3: =F3+RANDBETWEEN(-100,100)/5000 -> 72.8998 | H3: =$D$2*G3/$G$2 -> 0.05819427 | I3: =H3*2/E3 -> 229.42318 | J3: =ROUND((I3+Static!$L$2)/(0.2*Static!$M$2*9.81),0) -> 191 | K3: =0.2*Static!$M$2*9.81*J3-Static!$L$2 -> 229.39863 | L3: =(K3*M3)/2 -> 0.058188043 | M3: =Static!$E$2 -> 0.00050730942 | N3: =(H3-L3)*1000 -> 0.0062265645 | O3: =(D3-H3)*1000 -> -0.0062265645
A4: 26 | B4: 191 | C4: =0.2*Static!$M$2*9.81*B4-Static!$L$2 -> 229.39863 | D4: =(C4*E4)/2 -> 0.058188043 | E4: =Static!$E$2 -> 0.00050730942 | F4: 71.812 | G4: =F4+RANDBETWEEN(-100,100)/5000 -> 71.8034 | H4: =$D$2*G4/$G$2 -> 0.057319039 | I4: =H4*2/E4 -> 225.9727 | J4: =ROUND((I4+Static!$L$2)/(0.2*Static!$M$2*9.81),0) -> 189 | K4: =0.2*Static!$M$2*9.81*J4-Static!$L$2 -> 225.49398 | L4: =(K4*M4)/2 -> 0.057197609 | M4: =Static!$E$2 -> 0.00050730942 | N4: =(H4-L4)*1000 -> 0.1214299 | O4: =(D4-H4)*1000 -> 0.86900489
A5: 26 | B5: 190 | C5: =0.2*Static!$M$2*9.81*B5-Static!$L$2 -> 227.4463 | D5: =(C5*E5)/2 -> 0.057692826 | E5: =Static!$E$2 -> 0.00050730942 | F5: 71.812 | G5: =F5+RANDBETWEEN(-100,100)/5000 -> 71.8156 | H5: =$D$2*G5/$G$2 -> 0.057328778 | I5: =H5*2/E5 -> 226.01109 | J5: =ROUND((I5+Static!$L$2)/(0.2*Static!$M$2*9.81),0) -> 189 | K5: =0.2*Static!$M$2*9.81*J5-Static!$L$2 -> 225.49398 | L5: =(K5*M5)/2 -> 0.057197609 | M5: =Static!$E$2 -> 0.00050730942 | N5: =(H5-L5)*1000 -> 0.13116888 | O5: =(D5-H5)*1000 -> 0.36404851
A6: 26 | B6: 191 | C6: =0.2*Static!$M$2*9.81*B6-Static!$L$2 -> 229.39863 | D6: =(C6*E6)/2 -> 0.058188043 | E6: =Static!$E$2 -> 0.00050730942 | F6: 71.812 | G6: =F6+RANDBETWEEN(-100,100)/5000 -> 71.7954 | H6: =$D$2*G6/$G$2 -> 0.057312652 | I6: =H6*2/E6 -> 225.94752 | J6: =ROUND((I6+Static!$L$2)/(0.2*Static!$M$2*9.81),0) -> 189 | K6: =0.2*Static!$M$2*9.81*J6-Static!$L$2 -> 225.49398 | L6: =(K6*M6)/2 -> 0.057197609 | M6: =Static!$E$2 -> 0.00050730942 | N6: =(H6-L6)*1000 -> 0.11504368 | O6: =(D6-H6)*1000 -> 0.87539111
A7: 29.5 | B7: 191 | C7: =0.2*Static!$M$2*9.81*B7-Static!$L$2 -> 229.39863 | D7: =(C7*E7)/2 -> 0.058188043 | E7: =Static!$E$2 -> 0.00050730942 | F7: 71.259 | G7: =F7+RANDBETWEEN(-100,100)/5000 -> 71.2602 | H7: =$D$2*G7/$G$2 -> 0.056885414 | I7: =H7*2/E7 -> 224.26319 | J7: =ROUND((I7+Static!$L$2)/(0.2*Static!$M$2*9.81),0) -> 188 | K7: =0.2*Static!$M$2*9.81*J7-Static!$L$2 -> 223.54165 | L7: =(K7*M7)/2 -> 0.056702391 | M7: =Static!$E$2 -> 0.00050730942 | N7: =(H7-L7)*1000 -> 0.18302295 | O7: =(D7-H7)*1000 -> 1.3026292
A8: 29.5 | B8: 190 | C8: =0.2*Static!$M$2*9.81*B8-Static!$L$2 -> 227.4463 | D8: =(C8*E8)/2 -> 0.057692826 | E8: =Static!$E$2 -> 0.00050730942 | F8: 71.259 | G8: =F8+RANDBETWEEN(-100,100)/5000 -> 71.2592 | H8: =$D$2*G8/$G$2 -> 0.056884616 | I8: =H8*2/E8 -> 224.26004 | J8: =ROUND((I8+Static!$L$2)/(0.2*Static!$M$2*9.81),0) -> 188 | K8: =0.2*Static!$M$2*9.81*J8-Static!$L$2 -> 223.54165 | L8: =(K8*M8)/2 -> 0.056702391 | M8: =Static!$E$2 -> 0.00050730942 | N8: =(H8-L8)*1000 -> 0.18222467 | O8: =(D8-H8)*1000 -> 0.80821011
A9: 29.5 | B9: 190 | C9: =0.2*Static!$M$2*9.81*B9-Static!$L$2 -> 227.4463 | D9: =(C9*E9)/2 -> 0.057692826 | E9: =Static!$E$2 -> 0.00050730942 | F9: 71.259 | G9: =F9+RANDBETWEEN(-100,100)/5000 -> 71.2778 | H9: =$D$2*G9/$G$2 -> 0.056899464 | I9: =H9*2/E9 -> 224.31858 | J9: =ROUND((I9+Static!$L$2)/(0.2*Static!$M$2*9.81),0) -> 188 | K9: =0.2*Static!$M$2*9.81*J9-Static!$L$2 -> 223.54165 | L9: =(K9*M9)/2 -> 0.056702391 | M9: =Static!$E$2 -> 0.00050730942 | N9: =(H9-L9)*1000 -> 0.19707263 | O9: =(D9-H9)*1000 -> 0.79336215
A10: 34.5 | B10: 190 | C10: =0.2*Static!$M$2*9.81*B10-Static!$L$2 -> 227.4463 | D10: =(C10*E10)/2 -> 0.057692826 | E10: =Static!$E$2 -> 0.00050730942 | F10: 70.451 | G10: =F10+RANDBETWEEN(-100,100)/5000 -> 70.4602 | H10: =$D$2*G10/$G$2 -> 0.056246792 | I10: =H10*2/E10 -> 221.74551 | J10: =ROUND((I10+Static!$L$2)/(0.2*Static!$M$2*9.81),0) -> 187 | K10: =0.2*Static!$M$2*9.81*J10-Static!$L$2 -> 221.58932 | L10: =(K10*M10)/2 -> 0.056207174 | M10: =Static!$E$2 -> 0.00050730942 | N10: =(H10-L10)*1000 -> 0.039618342 | O10: =(D10-H10)*1000 -> 1.4460338
A11: 34.5 | B11: 190 | C11: =0.2*Static!$M$2*9.81*B11-Static!$L$2 -> 227.4463 | D11: =(C11*E11)/2 -> 0.057692826 | E11: =Static!$E$2 -> 0.00050730942 | F11: 70.451 | G11: =F11+RANDBETWEEN(-100,100)/5000 -> 70.4638 | H11: =$D$2*G11/$G$2 -> 0.056249666 | I11: =H11*2/E11 -> 221.75684 | J11: =ROUND((I11+Static!$L$2)/(0.2*Static!$M$2*9.81),0) -> 187 | K11: =0.2*Static!$M$2*9.81*J11-Static!$L$2 -> 221.58932 | L11: =(K11*M11)/2 -> 0.056207174 | M11: =Static!$E$2 -> 0.00050730942 | N11: =(H11-L11)*1000 -> 0.042492141 | O11: =(D11-H11)*1000 -> 1.44316
A12: 34.5 | B12: 189 | C12: =0.2*Static!$M$2*9.81*B12-Static!$L$2 -> 225.49398 | D12: =(C12*E12)/2 -> 0.057197609 | E12: =Static!$E$2 -> 0.00050730942 | F12: 70.451 | G12: =F12+RANDBETWEEN(-100,100)/5000 -> 70.4442 | H12: =$D$2*G12/$G$2 -> 0.05623402 | I12: =H12*2/E12 -> 221.69515 | J12: =ROUND((I12+Static!$L$2)/(0.2*Static!$M$2*9.81),0) -> 187 | K12: =0.2*Static!$M$2*9.81*J12-Static!$L$2 -> 221.58932 | L12: =(K12*M12)/2 -> 0.056207174 | M12: =Static!$E$2 -> 0.00050730942 | N12: =(H12-L12)*1000 -> 0.026845902 | O12: =(D12-H12)*1000 -> 0.96358888
A13: 39.4 | B13: 190 | C13: =0.2*Static!$M$2*9.81*B13-Static!$L$2 -> 227.4463 | D13: =(C13*E13)/2 -> 0.057692826 | E13: =Static!$E$2 -> 0.00050730942 | F13: 69.657 | G13: =F13+RANDBETWEEN(-100,100)/5000 -> 69.6514 | H13: =$D$2*G13/$G$2 -> 0.055601145 | I13: =H13*2/E13 -> 219.20013 | J13: =ROUND((I13+Static!$L$2)/(0.2*Static!$M$2*9.81),0) -> 186 | K13: =0.2*Static!$M$2*9.81*J13-Static!$L$2 -> 219.63699 | L13: =(K13*M13)/2 -> 0.055711957 | M13: =Static!$E$2 -> 0.00050730942 | N13: =(H13-L13)*1000 -> -0.11081111 | O13: =(D13-H13)*1000 -> 2.0916807
... A27: 59 | B27: 185 | C27: =0.2*Static!$M$2*9.81*B27-Static!$L$2 -> 217.68466 | D27: =(C27*E27)/2 -> 0.055216739 | E27: =Static!$E$2 -> 0.00050730942 | F27: 66.353 | G27: =F27+RANDBETWEEN(-100,100)/5000 -> 66.3658 | H27: =$D$2*G27/$G$2 -> 0.052978325 | I27: =H27*2/E27 -> 208.86001 | J27: =ROUND((I27+Static!$L$2)/(0.2*Static!$M$2*9.81),0) -> 180 | K27: =0.2*Static!$M$2*9.81*J27-Static!$L$2 -> 207.92302 | L27: =(K27*M27)/2 -> 0.052740652 | M27: =Static!$E$2 -> 0.00050730942 | N27: =(H27-L27)*1000 -> 0.23767269 | O27: =(D27-H27)*1000 -> 2.2384143

Sheet exp2
A1: T | B1: sigm | C1: ds/dt | D1: q | E1: U/F
A2: 19 | B2: =AVERAGE(exp!D2:D3) -> 0.058188043 | C2: =(B3-B2)/(A3-A2) -> -2.3581781e-05 | D2: =-C2*A2 -> 0.00044805383 | E2: =B2-D2 -> 0.05773999
A3: 26 | B3: =AVERAGE(exp!D4:D6) -> 0.058022971 | C3: =(B4-B3)/(A4-A3) -> -4.7163561e-05 | D3: =-C3*A3 -> 0.0012262526 | E3: =B3-D3 -> 0.056796718
A4: 29.5 | B4: =AVERAGE(exp!D7:D9) -> 0.057857899 | C4: =(B5-B4)/(A5-A4) -> -6.6028986e-05 | D4: =-C4*A4 -> 0.0019478551 | E4: =B4-D4 -> 0.055910043
A5: 34.5 | B5: =AVERAGE(exp!D10:D12) -> 0.057527754 | C5: =(B6-B5)/(A6-A5) -> -3.3688258e-05 | D5: =-C5*A5 -> 0.0011622449 | E5: =B5-D5 -> 0.056365509
A6: 39.4 | B6: =AVERAGE(exp!D13:D15) -> 0.057362681 | C6: =(B7-B6)/(A7-A6) -> -6.6028986e-05 | D6: =-C6*A6 -> 0.002601542 | E6: =B6-D6 -> 0.054761139
A7: 44.4 | B7: =AVERAGE(exp!D16:D18) -> 0.057032536 | C7: =(B8-B7)/(A8-A7) -> -6.7376516e-05 | D7: =-C7*A7 -> 0.0029915173 | E7: =B7-D7 -> 0.054041019
A8: 49.3 | B8: =AVERAGE(exp!D19:D21) -> 0.056702391 | C8: =(B9-B8)/(A9-A8) -> -0.00013205797 | D8: =-C8*A8 -> 0.006510458 | E8: =B8-D8 -> 0.050191933
A9: 54.3 | B9: =AVERAGE(exp!D22:D24) -> 0.056042101 | C9: =(B10-B9)/(A10-A9) -> -0.000175609 | D9: =-C9*A9 -> 0.0095355689 | E9: =B9-D9 -> 0.046506533
A10: 59 | B10: =AVERAGE(exp!D25:D27) -> 0.055216739

Sheet Static
A1: K | B1: dp | C1: sigmS | D1: dPS | E1: r | F1: dp | G1: dP | H1: sigmA | I1: dp2 | J1: dP2 | K1: dh | L1: dP | M1: gm
A2: =0.2 -> 0.2 | B2: 46 | C2: =22.78/1000 -> 0.02278 | D2: =A2*B2*M2*9.81 -> 89.807125 | E2: =2*C2/(D2) -> 0.00050730942 | F2: 120 | G2: =A2*F2*$M$2*9.81 -> 234.27946 | H2: =$E$2*G2/2 -> 0.059426087 | I2: 191 | J2: =I2*A3*M2*9.81 -> 372.8948 | K2: =(2.5-1)/100 -> 0.015 | L2: =-AVERAGE(G2:G3)+J2 -> 143.49617 | M2: =0.8095/0.81351 -> 0.99507074
A3: 0.2 | D3: microscope | E3: =18/20/1000/2 -> 0.00045 | F3: 115 | G3: =A3*F3*$M$2*9.81 -> 224.51781 | H3: =$E$2*G3/2 -> 0.05695 | K3: =L2/K2/9.81 -> 975.16933
F4: 113 | G4: =A3*F4*$M$2*9.81 -> 220.61315 | H4: =$E$2*G4/2 -> 0.055959565
