Workbook

Sheet Лист1
A1: U | B1: DPf | C1: DPc | D1: Vf | E1: Vc | F1: FP | G1: FV | H1: Re
A2: 80 | B2: 31 | C2: 38 | D2: =SQRT(B2)*1.3 -> 7.2380937 | E2: =SQRT(C2)*1.3 -> 8.0137382 | F2: =B2/C2 -> 0.81578947 | G2: =D2/E2 -> 0.90321065 | H2: =0.4*SQRT(C2) -> 2.4657656
A3: 90 | B3: 36 | C3: 44 | D3: =SQRT(B3)*1.3 -> 7.8 | E3: =SQRT(C3)*1.3 -> 8.6232245 | F3: =B3/C3 -> 0.81818182 | G3: =D3/E3 -> 0.90453403 | H3: =0.4*SQRT(C3) -> 2.6532998
A4: 100 | B4: 44 | C4: 52 | D4: =SQRT(B4)*1.3 -> 8.6232245 | E4: =SQRT(C4)*1.3 -> 9.3744333 | F4: =B4/C4 -> 0.84615385 | G4: =D4/E4 -> 0.91986621 | H4: =0.4*SQRT(C4) -> 2.884441
A5: 110 | B5: 48 | C5: 60 | D5: =SQRT(B5)*1.3 -> 9.0066642 | E5: =SQRT(C5)*1.3 -> 10.069757 | F5: =B5/C5 -> 0.8 | G5: =D5/E5 -> 0.89442719 | H5: =0.4*SQRT(C5) -> 3.0983867
A6: 120 | B6: 50 | C6: 68 | D6: =SQRT(B6)*1.3 -> 9.1923882 | E6: =SQRT(C6)*1.3 -> 10.720075 | F6: =B6/C6 -> 0.73529412 | G6: =D6/E6 -> 0.85749293 | H6: =0.4*SQRT(C6) -> 3.2984845
A7: 130 | B7: 49 | C7: 77 | D7: =SQRT(B7)*1.3 -> 9.1 | E7: =SQRT(C7)*1.3 -> 11.407454 | F7: =B7/C7 -> 0.63636364 | G7: =D7/E7 -> 0.79772404 | H7: =0.4*SQRT(C7) -> 3.5099858
A8: 140 | B8: 49 | C8: 85 | D8: =SQRT(B8)*1.3 -> 9.1 | E8: =SQRT(C8)*1.3 -> 11.985408 | F8: =B8/C8 -> 0.57647059 | G8: =D8/E8 -> 0.7592566 | H8: =0.4*SQRT(C8) -> 3.6878178
A9: 150 | B9: 52 | C9: 93 | D9: =SQRT(B9)*1.3 -> 9.3744333 | E9: =SQRT(C9)*1.3 -> 12.536746 | F9: =B9/C9 -> 0.55913978 | G9: =D9/E9 -> 0.7477565 | H9: =0.4*SQRT(C9) -> 3.8574603
A10: 160 | B10: 55 | C10: 102 | D10: =SQRT(B10)*1.3 -> 9.641058 | E10: =SQRT(C10)*1.3 -> 13.129356 | F10: =B10/C10 -> 0.53921569 | G10: =D10/E10 -> 0.73431307 | H10: =0.4*SQRT(C10) -> 4.039802
A11: 180 | B11: 63 | C11: 117 | D11: =SQRT(B11)*1.3 -> 10.31843 | E11: =SQRT(C11)*1.3 -> 14.06165 | F11: =B11/C11 -> 0.53846154 | G11: =D11/E11 -> 0.73379939 | H11: =0.4*SQRT(C11) -> 4.3266615
A12: 200 | B12: 72 | C12: 133 | D12: =SQRT(B12)*1.3 -> 11.030866 | E12: =SQRT(C12)*1.3 -> 14.992331 | F12: =B12/C12 -> 0.54135338 | G12: =D12/E12 -> 0.73576721 | H12: =0.4*SQRT(C12) -> 4.613025
A13: 220 | B13: 80 | C13: 147 | D13: =SQRT(B13)*1.3 -> 11.627553 | E13: =SQRT(C13)*1.3 -> 15.761662 | F13: =B13/C13 -> 0.54421769 | G13: =D13/E13 -> 0.73771111 | H13: =0.4*SQRT(C13) -> 4.8497423
A14: 240 | B14: 88 | C14: 162 | D14: =SQRT(B14)*1.3 -> 12.195081 | E14: =SQRT(C14)*1.3 -> 16.546299 | F14: =B14/C14 -> 0.54320988 | G14: =D14/E14 -> 0.73702773 | H14: =0.4*SQRT(C14) -> 5.0911688

Sheet Лист2
A1: y | B1: DP | C1: V | D1: VVc
A2: 0.25 | B2: 3 | C2: =SQRT(B2)*1.3 -> 2.251666 | D2: =C2/Лист1!$E$4 -> 0.24019223
A3: 0.5 | B3: 10 | C3: =SQRT(B3)*1.3 -> 4.110961 | D3: =C3/Лист1!$E$4 -> 0.43852901
A4: 0.75 | B4: 18 | C4: =SQRT(B4)*1.3 -> 5.5154329 | D4: =C4/Лист1!$E$4 -> 0.58834841
A5: 1 | B5: 26 | C5: =SQRT(B5)*1.3 -> 6.6287254 | D5: =C5/Лист1!$E$4 -> 0.70710678
A6: 1.25 | B6: 30 | C6: =SQRT(B6)*1.3 -> 7.1203932 | D6: =C6/Лист1!$E$4 -> 0.75955453
A7: 1.5 | B7: 38 | C7: =SQRT(B7)*1.3 -> 8.0137382 | D7: =C7/Лист1!$E$4 -> 0.85485041
A8: 2 | B8: 46 | C8: =SQRT(B8)*1.3 -> 8.817029 | D8: =C8/Лист1!$E$4 -> 0.94053994
A9: 2.5 | B9: 49 | C9: =SQRT(B9)*1.3 -> 9.1 | D9: =C9/Лист1!$E$4 -> 0.97072534
A10: 3.25 | B10: 50 | C10: =SQRT(B10)*1.3 -> 9.1923882 | D10: =C10/Лист1!$E$4 -> 0.98058068
A11: 4 | B11: 50 | C11: =SQRT(B11)*1.3 -> 9.1923882 | D11: =C11/Лист1!$E$4 -> 0.98058068
A12: 4.75 | B12: 50 | C12: =SQRT(B12)*1.3 -> 9.1923882 | D12: =C12/Лист1!$E$4 -> 0.98058068

Sheet Лист3
A1: y | B1: DP | C1: V | D1: VVc
A2: 0.25 | B2: 15 | C2: =SQRT(B2)*1.3 -> 5.0348784 | D2: =C2/$C$21 -> 0.31622777
A3: 0.5 | B3: 40 | C3: =SQRT(B3)*1.3 -> 8.2219219 | D3: =C3/$C$21 -> 0.51639778
A4: 0.75 | B4: 53 | C4: =SQRT(B4)*1.3 -> 9.4641429 | D4: =C4/$C$21 -> 0.59441848
A5: 1 | B5: 62 | C5: =SQRT(B5)*1.3 -> 10.23621 | D5: =C5/$C$21 -> 0.64291005
A6: 1.25 | B6: 69 | C6: =SQRT(B6)*1.3 -> 10.798611 | D6: =C6/$C$21 -> 0.678233
A7: 1.5 | B7: 73 | C7: =SQRT(B7)*1.3 -> 11.107205 | D7: =C7/$C$21 -> 0.69761498
A8: 2 | B8: 80 | C8: =SQRT(B8)*1.3 -> 11.627553 | D8: =C8/$C$21 -> 0.73029674
A9: 2.5 | B9: 86 | C9: =SQRT(B9)*1.3 -> 12.055704 | D9: =C9/$C$21 -> 0.75718778
A10: 3.25 | B10: 95 | C10: =SQRT(B10)*1.3 -> 12.670833 | D10: =C10/$C$21 -> 0.79582243
A11: 4 | B11: 702 | C11: =SQRT(B11)*1.3 -> 34.443867 | D11: =C11/$C$21 -> 2.1633308
A12: 4.75 | B12: 110 | C12: =SQRT(B12)*1.3 -> 13.634515 | D12: =C12/$C$21 -> 0.85634884
A13: 5.75 | B13: 120 | C13: =SQRT(B13)*1.3 -> 14.240786 | D13: =C13/$C$21 -> 0.89442719
... A21: 19 | B21: 150 | C21: =SQRT(B21)*1.3 -> 15.921683 | D21: =C21/$C$21 -> 1
