Workbook

Sheet С0
A1: L | B1: C | C1: R | D1: T
A2: 0.1 | B2: =D2*D2/(4*PI()*PI()*A2) -> 1.2059754e-09 | D2: 6.9e-05 | G2: T=2*pi*sqrt(LC)
G3: C=T^2/4piL
A5: Nu0 | B5: 6.5e3
A6: C* | B6: 6нф | D6: Rcr | E6: =2*SQRT(0.1/0.000000006) -> 8164.9658 | F6: =0.05*E6 -> 408.24829 | G6: 0.05 | H6: =G6*E$6 -> 408.24829 | I6: 400
E7: 7000 | G7: 0.1 | H7: =G7*E$6 -> 816.49658 | I7: 800
G8: 0.15 | H8: =G8*E$6 -> 1224.7449 | I8: 1200
G9: 0.2 | H9: =G9*E$6 -> 1632.9932 | I9: 1600
G10: 0.25 | H10: =G10*E$6 -> 2041.2415 | I10: 2000
B13: =7700-6500 -> 1200

Sheet Tism
A1: L | B1: C0 | C1: C1 | D1: C | E1: T | F1: Tt
A2: 0.1 | B2: =С0!$B$2 -> 1.2059754e-09 | C2: 1e-09 | D2: =C2+B2 -> 2.2059754e-09 | E2: 9.3e-05 | F2: =2*PI()*SQRT(D2*A2) -> 9.3321175e-05
A3: 0.1 | B3: =С0!$B$2 -> 1.2059754e-09 | C3: 2e-09 | D3: =C3+B3 -> 3.2059754e-09 | E3: 0.000112 | F3: =2*PI()*SQRT(D3*A3) -> 0.00011250193
A4: 0.1 | B4: =С0!$B$2 -> 1.2059754e-09 | C4: 3e-09 | D4: =C4+B4 -> 4.2059754e-09 | E4: 0.000127 | F4: =2*PI()*SQRT(D4*A4) -> 0.00012885855
A5: 0.1 | B5: =С0!$B$2 -> 1.2059754e-09 | C5: 4e-09 | D5: =C5+B5 -> 5.2059754e-09 | E5: 0.000144 | F5: =2*PI()*SQRT(D5*A5) -> 0.00014336097
A6: 0.1 | B6: =С0!$B$2 -> 1.2059754e-09 | C6: 5e-09 | D6: =C6+B6 -> 6.2059754e-09 | E6: 0.000156 | F6: =2*PI()*SQRT(D6*A6) -> 0.00015652543
A7: 0.1 | B7: =С0!$B$2 -> 1.2059754e-09 | C7: 6e-09 | D7: =C7+B7 -> 7.2059754e-09 | E7: 0.000168 | F7: =2*PI()*SQRT(D7*A7) -> 0.0001686655
A8: 0.1 | B8: =С0!$B$2 -> 1.2059754e-09 | C8: 7e-09 | D8: =C8+B8 -> 8.2059754e-09 | E8: 0.000179 | F8: =2*PI()*SQRT(D8*A8) -> 0.00017998859
A9: 0.1 | B9: =С0!$B$2 -> 1.2059754e-09 | C9: 8e-09 | D9: =C9+B9 -> 9.2059754e-09 | E9: 0.000191 | F9: =2*PI()*SQRT(D9*A9) -> 0.00019064033
A10: 0.1 | B10: =С0!$B$2 -> 1.2059754e-09 | C10: 9e-09 | D10: =C10+B10 -> 1.0205975e-08 | E10: 0.000201 | F10: =2*PI()*SQRT(D10*A10) -> 0.00020072762

Sheet thet
A1: n | B1: R | C1: U | D1: Un | E1: thet | F1: Rf
A2: 1 | B2: 408.25 | C2: 2.84 | D2: 1.96 | E2: =LN(C2/D2)/A2 -> 0.37085958 | F2: =SQRT(0.1/(0.00000000621))*(2*E2/SQRT(4*PI()*PI()+E2*E2)) -> 472.88837 | G2: =F2-B2 -> 64.638372 | H2: =(G2-60)/B2 -> 0.011361596 | I2: =(G2-60)/F2 -> 0.0098085972 | J2: =PI()/E2 -> 8.471111 | K2: =SQRT(0.1/(0.00000000621))/(B2+60) -> 8.569913
A3: 2 | B3: 408.25 | C3: 2.84 | D3: 1.36 | E3: =LN(C3/D3)/A3 -> 0.36815968 | F3: =SQRT(0.1/(0.00000000621))*(2*E3/SQRT(4*PI()*PI()+E3*E3)) -> 469.45751 | G3: =F3-B3 -> 61.207509 | H3: =(G3-60)/B3 -> 0.0029577691 | I3: =(G3-60)/F3 -> 0.0025721375 | J3: =PI()/E3 -> 8.533234 | K3: =SQRT(0.1/(0.00000000621))/(B3+60) -> 8.569913
A4: 3 | B4: 408.25 | C4: 2.84 | D4: 0.94 | E4: =LN(C4/D4)/A4 -> 0.36855982 | F4: =SQRT(0.1/(0.00000000621))*(2*E4/SQRT(4*PI()*PI()+E4*E4)) -> 469.966 | G4: =F4-B4 -> 61.716001 | H4: =(G4-60)/B4 -> 0.0042033087 | I4: =(G4-60)/F4 -> 0.0036513296 | J4: =PI()/E4 -> 8.5239695 | K4: =SQRT(0.1/(0.00000000621))/(B4+60) -> 8.569913
A5: 2 | B5: 500 | C5: 2.66 | D5: 1.1 | E5: =LN(C5/D5)/A5 -> 0.44150797 | F5: =SQRT(0.1/(0.00000000621))*(2*E5/SQRT(4*PI()*PI()+E5*E5)) -> 562.5658 | G5: =F5-B5 -> 62.565798 | H5: =(G5-60)/B5 -> 0.0051315958 | I5: =(G5-60)/F5 -> 0.004560885 | J5: =PI()/E5 -> 7.1155967 | K5: =SQRT(0.1/(0.00000000621))/(B5+60) -> 7.1658246
A6: 2 | B6: 750 | C6: 2.28 | D6: 0.66 | E6: =LN(C6/D6)/A6 -> 0.61984544 | F6: =SQRT(0.1/(0.00000000621))*(2*E6/SQRT(4*PI()*PI()+E6*E6)) -> 787.92459 | G6: =F6-B6 -> 37.924593 | H6: =(G6-60)/B6 -> -0.029433876 | I6: =(G6-60)/F6 -> -0.028017157 | J6: =PI()/E6 -> 5.0683484 | K6: =SQRT(0.1/(0.00000000621))/(B6+60) -> 4.9541503
A7: 2 | B7: 1000 | C7: 1.99 | D7: 0.36 | E7: =LN(C7/D7)/A7 -> 0.85489294 | F7: =SQRT(0.1/(0.00000000621))*(2*E7/SQRT(4*PI()*PI()+E7*E7)) -> 1082.014 | G7: =F7-B7 -> 82.014024 | H7: =(G7-60)/B7 -> 0.022014024 | I7: =(G7-60)/F7 -> 0.020345415 | J7: =PI()/E7 -> 3.6748375 | K7: =SQRT(0.1/(0.00000000621))/(B7+60) -> 3.7857187
A8: 2 | B8: 1250 | C8: 1.74 | D8: 0.22 | E8: =LN(C8/D8)/A8 -> 1.0340064 | F8: =SQRT(0.1/(0.00000000621))*(2*E8/SQRT(4*PI()*PI()+E8*E8)) -> 1303.2416 | G8: =F8-B8 -> 53.241573 | H8: =(G8-60)/B8 -> -0.0054067413 | I8: =(G8-60)/F8 -> -0.0051858587 | J8: =PI()/E8 -> 3.0382719 | K8: =SQRT(0.1/(0.00000000621))/(B8+60) -> 3.0632533
A9: 1 | B9: 1500 | C9: 1.52 | D9: 0.43 | E9: =LN(C9/D9)/A9 -> 1.2626804 | F9: =SQRT(0.1/(0.00000000621))*(2*E9/SQRT(4*PI()*PI()+E9*E9)) -> 1581.2502 | G9: =F9-B9 -> 81.250188 | H9: =(G9-60)/B9 -> 0.014166792 | I9: =(G9-60)/F9 -> 0.013438852 | J9: =PI()/E9 -> 2.4880347 | K9: =SQRT(0.1/(0.00000000621))/(B9+60) -> 2.5723473
A10: 1 | B10: 1750 | C10: 1.32 | D10: 0.3 | E10: =LN(C10/D10)/A10 -> 1.4816045 | F10: =SQRT(0.1/(0.00000000621))*(2*E10/SQRT(4*PI()*PI()+E10*E10)) -> 1841.9852 | G10: =F10-B10 -> 91.985236 | H10: =(G10-60)/B10 -> 0.018277278 | I10: =(G10-60)/F10 -> 0.017364545 | J10: =PI()/E10 -> 2.1203989 | K10: =SQRT(0.1/(0.00000000621))/(B10+60) -> 2.2170507
A11: 1 | B11: 2000 | C11: 1.14 | D11: 0.2 | E11: =LN(C11/D11)/A11 -> 1.7404662 | F11: =SQRT(0.1/(0.00000000621))*(2*E11/SQRT(4*PI()*PI()+E11*E11)) -> 2142.4776 | G11: =F11-B11 -> 142.47758 | H11: =(G11-60)/B11 -> 0.041238789 | I11: =(G11-60)/F11 -> 0.038496355 | J11: =PI()/E11 -> 1.8050294 | K11: =SQRT(0.1/(0.00000000621))/(B11+60) -> 1.9479912

Sheet 2.4
A1: n | B1: делений | C1: $\Theta$ | D1: Q
A2: 5 | B2: 4 | C2: - | D2: -
A3: 4 | B3: 6 | C3: =LN(6/4) -> 0.40546511 | D3: =PI()/C3 -> 7.7481208
A4: 3 | B4: 9 | C4: =LN(9/4)/2 -> 0.40546511 | D4: =PI()/C4 -> 7.7481208
A5: 2 | B5: 13 | C5: =LN(13/4)/3 -> 0.392885 | D5: =PI()/C5 -> 7.9962143
A6: 1 | B6: 18 | C6: =LN(18/4)/4 -> 0.37601935 | D6: =PI()/C6 -> 8.3548697

Sheet Ah FH
A1: nu | B1: 2U | C1: U | D1: T
A2: 6500 | B2: 205 | C2: =B2/10 -> 20.5 | D2: 3.08e-05
A3: 6400 | B3: 205 | C3: =B3/10 -> 20.5 | D3: 3.8e-05
A4: 6300 | B4: 193 | C4: =B4/10 -> 19.3 | D4: 4.48e-05
A5: 6200 | B5: 172 | C5: =B5/10 -> 17.2 | D5: 5.12e-05
A6: 6100 | B6: 147 | C6: =B6/10 -> 14.7 | D6: 5.7e-05
A7: 6000 | B7: 129 | C7: =B7/10 -> 12.9 | D7: 6.2e-05
A8: 5900 | B8: 107 | C8: =B8/10 -> 10.7 | D8: 6.52e-05
A9: 5800 | B9: 93 | C9: =B9/10 -> 9.3 | D9: 6.88e-05
A10: 5700 | B10: 81 | C10: =B10/10 -> 8.1 | D10: 7.2e-05
A11: 5600 | B11: 71 | C11: =B11/10 -> 7.1 | D11: 7.4e-05
A12: 6600 | B12: 190 | C12: =B12/10 -> 19 | D12: 2.5e-05
A13: 6700 | B13: 176 | C13: =B13/10 -> 17.6 | D13: 2.04e-05
... A23: 7700 | B23: 73.6 | C23: =B23/10 -> 7.36 | D23: 4e-06

Sheet 2.6
A1: n | B1: U0 | C1: U | D1: R | E1: Theta | F1: Q
A2: 1 | B2: 102 | C2: 33 | D2: 408.25
A3: 2 | B3: 102 | C3: 55 | D3: 408.25 | E3: =LN((B$2-C$2)/(B3-C3))/(A3-A$2) -> 0.3839589 | F3: =PI()/E3 -> 8.1821065
A4: 3 | B4: 102 | C4: 72 | D4: 408.25 | E4: =LN((B$2-C$2)/(B4-C4))/(A4-A$2) -> 0.41645456 | F4: =PI()/E4 -> 7.5436625
A5: 4 | B5: 102 | C5: 82 | D5: 408.25 | E5: =LN((B$2-C$2)/(B5-C5))/(A5-A$2) -> 0.41279141 | F5: =PI()/E5 -> 7.6106057
A6: 5 | B6: 102 | C6: 88 | D6: 408.25 | E6: =LN((B$2-C$2)/(B6-C6))/(A6-A$2) -> 0.39876229 | F6: =PI()/E6 -> 7.8783594
A7: 6 | B7: 102 | C7: 94 | D7: 408.25 | E7: =LN((B$2-C$2)/(B7-C7))/(A7-A$2) -> 0.43093299 | F7: =PI()/E7 -> 7.2902115
A8: 1 | B8: 26.2 | C8: 8.4 | D8: 2000
A9: 2 | B9: 26.2 | C9: 21.8 | D9: 2000 | E9: =LN((B$8-C$8)/(B9-C9))/(A9-A$8) -> 1.3975939 | F9: =PI()/E9 -> 2.247858
A10: 3 | B10: 26.2 | C10: 25.4 | D10: 2000 | E10: =LN((B$8-C$8)/(B10-C10))/(A10-A$8) -> 1.551171 | F10: =PI()/E10 -> 2.0253039

Sheet Лист7
A1: nu | B1: l | C1: R
A2: 50 | B2: 0.09998 | C2: 21.5
A3: 1000 | B3: 0.09996 | C3: 22.2
A4: 5000 | B4: 0.1007 | C4: 32.5
A5: 20000 | B5: 0.1136 | C5: 270
