Workbook

Sheet Лист1
A1: Temp | B1: Tk | C1: rho_gl | D1: rho | E1: d | F1: T | G1: l | H1: vust | I1: n
B2: 293 | D2: 2.5 | F2: 66.66 | G2: =Лист2!$A$2+Лист2!$B$2 -> 22.2 | H2: =G2/100/F2 -> 0.003330333
B3: 293 | F3: 67.5 | G3: =Лист2!$A$2+Лист2!$B$2 -> 22.2 | H3: =G3/100/F3 -> 0.0032888889
A4: 20 | B4: =A4+273 -> 293 | C4: 1.26 | D4: 2.5 | E4: 2.1 | F4: 68.28 | G4: =Лист2!$A$2+Лист2!$B$2 -> 22.2 | H4: =G4/100/F4 -> 0.0032513181 | I4: =E4/2000*E4/2000*(D4-C4)*1000/H4*2/9*9.81 -> 0.91663686
A5: 20 | B5: =A5+273 -> 293 | C5: 1.26 | D5: 2.5 | E5: 2.1 | F5: 68.63 | G5: =Лист2!$A$2+Лист2!$B$2 -> 22.2 | H5: =G5/100/F5 -> 0.003234737 | I5: =E5/2000*E5/2000*(D5-C5)*1000/H5*2/9*9.81 -> 0.92133549
A6: 20 | B6: =A6+273 -> 293 | C6: 1.26 | D6: 7.8 | E6: =0.5+3*0.1 -> 0.8 | F6: 90.31 | G6: =Лист2!$A$2+Лист2!$B$2 -> 22.2 | H6: =G6/100/F6 -> 0.0024581995 | I6: =E6/2000*E6/2000*(D6-C6)*1000/H6*2/9*9.81 -> 0.92797674
A7: 20 | B7: =A7+273 -> 293 | C7: 1.26 | D7: 7.8 | E7: 0.7 | F7: 118.62 | G7: =Лист2!$A$2+Лист2!$B$2 -> 22.2 | H7: =G7/100/F7 -> 0.0018715225 | I7: =E7/2000*E7/2000*(D7-C7)*1000/H7*2/9*9.81 -> 0.93320117
A8: 20 | B8: =A8+273 -> 293 | C8: 1.26 | D8: 7.8 | E8: 0.7 | F8: 60.4 | G8: 11 | H8: =G8/100/F8 -> 0.0018211921 | I8: =E8/2000*E8/2000*(D8-C8)*1000/H8*2/9*9.81 -> 0.95899112
A9: 25 | B9: =A9+273 -> 298 | C9: 1.26 | D9: 2.5 | E9: 2.1 | F9: 42.88 | G9: 22.2 | H9: =G9/100/F9 -> 0.0051772388 | I9: =E9/2000*E9/2000*(D9-C9)*1000/H9*2/9*9.81 -> 0.57565009
A10: 25 | B10: =A10+273 -> 298 | C10: 1.26 | D10: 2.5 | E10: 2 | F10: 49.14 | G10: 22.2 | H10: =G10/100/F10 -> 0.0045177045 | I10: =E10/2000*E10/2000*(D10-C10)*1000/H10*2/9*9.81 -> 0.59835697
A11: 25 | B11: =A11+273 -> 298 | C11: 1.26 | D11: 2.5 | E11: 2 | F11: 46.72 | G11: 22.2 | H11: =G11/100/F11 -> 0.0047517123 | I11: =E11/2000*E11/2000*(D11-C11)*1000/H11*2/9*9.81 -> 0.56888966
A12: 25 | B12: =A12+273 -> 298 | C12: 1.26 | D12: 7.8 | E12: 0.7 | F12: 37 | G12: 11.2 | H12: =G12/100/F12 -> 0.003027027 | I12: =E12/2000*E12/2000*(D12-C12)*1000/H12*2/9*9.81 -> 0.57697106
A13: 25 | B13: =A13+273 -> 298 | C13: 1.26 | D13: 7.8 | E13: 0.85 | F13: 25.7 | G13: 11 | H13: =G13/100/F13 -> 0.0042801556 | I13: =E13/2000*E13/2000*(D13-C13)*1000/H13*2/9*9.81 -> 0.60166194
A14: 30 | B14: =A14+273 -> 303 | C14: 1.26 | D14: 2.5 | E14: 2.1 | F14: 32.82 | G14: 22.2 | H14: =G14/100/F14 -> 0.0067641682 | I14: =E14/2000*E14/2000*(D14-C14)*1000/H14*2/9*9.81 -> 0.44059786
A15: 30 | B15: =A15+273 -> 303 | C15: 1.26 | D15: 2.5 | E15: 2.1 | F15: 32.3 | G15: 22.2 | H15: =G15/100/F15 -> 0.006873065 | I15: =E15/2000*E15/2000*(D15-C15)*1000/H15*2/9*9.81 -> 0.43361702
A16: 30 | B16: =A16+273 -> 303 | C16: 1.26 | D16: 7.8 | E16: 0.8 | F16: 39.75 | G16: 22.2 | H16: =G16/100/F16 -> 0.0055849057 | I16: =E16/2000*E16/2000*(D16-C16)*1000/H16*2/9*9.81 -> 0.40844951
A17: 30 | B17: =A17+273 -> 303 | C17: 1.26 | D17: 7.8 | E17: 0.9 | F17: 33.31 | G17: 22.2 | H17: =G17/100/F17 -> 0.0066646653 | I17: =E17/2000*E17/2000*(D17-C17)*1000/H17*2/9*9.81 -> 0.4331925
A18: 35 | B18: =A18+273 -> 308 | C18: 1.26 | D18: 2.5 | E18: 2 | F18: 21.93 | G18: 22.2 | H18: =G18/100/F18 -> 0.010123119 | I18: =E18/2000*E18/2000*(D18-C18)*1000/H18*2/9*9.81 -> 0.26703232
A19: 35 | B19: =A19+273 -> 308 | C19: 1.26 | D19: 2.5 | E19: 2 | F19: 22.5 | G19: 22.2 | H19: =G19/100/F19 -> 0.0098666667 | I19: =E19/2000*E19/2000*(D19-C19)*1000/H19*2/9*9.81 -> 0.27397297
... A24: 40 | B24: =A24+273 -> 313 | C24: 1.26 | D24: 7.8 | E24: 0.9 | F24: 16.56 | G24: 22.2 | H24: =G24/100/F24 -> 0.013405797 | I24: =E24/2000*E24/2000*(D24-C24)*1000/H24*2/9*9.81 -> 0.21536079
A25: 40 | B25: =A25+273 -> 313 | C25: 1.26 | D25: 7.8 | E25: 0.7 | F25: =23.96 -> 23.96 | G25: 22.2 | H25: =G25/100/F25 -> 0.0092654424 | I25: =E25/2000*E25/2000*(D25-C25)*1000/H25*2/9*9.81 -> 0.18849688
A26: 45 | B26: =A26+273 -> 318 | C26: 1.26 | D26: 2.5 | E26: 2 | F26: 11.75 | G26: 22.2 | H26: =G26/100/F26 -> 0.018893617 | I26: =E26/2000*E26/2000*(D26-C26)*1000/H26*2/9*9.81 -> 0.14307477
A27: 45 | B27: =A27+273 -> 318 | C27: 1.26 | D27: 2.5 | E27: 2.1 | F27: 11.37 | G27: 22.2 | H27: =G27/100/F27 -> 0.019525066 | I27: =E27/2000*E27/2000*(D27-C27)*1000/H27*2/9*9.81 -> 0.15263856
A28: 45 | B28: =A28+273 -> 318 | C28: 1.26 | D28: 7.8 | E28: 0.9 | F28: 11.82 | G28: 22.2 | H28: =G28/100/F28 -> 0.018781726 | I28: =E28/2000*E28/2000*(D28-C28)*1000/H28*2/9*9.81 -> 0.15371766
A29: 45 | B29: =A29+273 -> 318 | C29: 1.26 | D29: 7.8 | E29: 0.9 | F29: 12.57 | G29: 22.2 | H29: =G29/100/F29 -> 0.017661098 | I29: =E29/2000*E29/2000*(D29-C29)*1000/H29*2/9*9.81 -> 0.16347132

Sheet Лист2
A1: l1 | B1: l2
A2: =11 -> 11 | B2: =11.2 -> 11.2
